{
  "kind": "Template",
  "apiVersion": "v1",
  "metadata": {
    "name": "jenkins-persistent-mvn",
    "annotations": {
      "openshift.io/display-name": "Jenkins",
      "description": "Jenkins service, with persistent storage.\n\nNOTE: You must have persistent volumes available in your cluster to use this template.",
      "iconClass": "icon-jenkins",
      "tags": "instant-app,jenkins",
      "openshift.io/long-description": "This template deploys a Jenkins server capable of managing OpenShift Pipeline builds and supporting OpenShift-based oauth login.",
      "openshift.io/provider-display-name": "Red Hat, Inc.",
      "openshift.io/documentation-url": "https://docs.openshift.org/latest/using_images/other_images/jenkins.html",
      "openshift.io/support-url": "https://access.redhat.com"
    }
  },
  "message": "A Jenkins service has been created in your project.  Log into Jenkins with your OpenShift account.  The tutorial at https://github.com/openshift/origin/blob/master/examples/jenkins/README.md contains more information about using this template.",
  "labels": {
    "app": "jenkins-persistent-mvn",
    "template": "jenkins-persistent-mvn-template"
  },
  "parameters": [
    {
      "name": "JENKINS_SERVICE_NAME",
      "displayName": "Jenkins Service Name",
      "description": "The name of the OpenShift Service exposed for the Jenkins container.",
      "value": "jenkins"
    },
    {
      "name": "JNLP_SERVICE_NAME",
      "displayName": "Jenkins JNLP Service Name",
      "description": "The name of the service used for master/slave communication.",
      "value": "jenkins-jnlp"
    },
    {
      "name": "ENABLE_OAUTH",
      "displayName": "Enable OAuth in Jenkins",
      "description": "Whether to enable OAuth OpenShift integration. If false, the static account 'admin' will be initialized with the password 'password'.",
      "value": "true"
    },
    {
      "name": "MEMORY_LIMIT",
      "displayName": "Memory Limit",
      "description": "Maximum amount of memory the container can use.",
      "value": "4Gi"
    },
    {
      "name": "REQUESTED_MEMORY_LIMIT",
      "displayName": "Requested Memory Limit",
      "description": "Minimum amount of memory the container can use.",
      "value": "512Mi"
    },
    {
      "name": "VOLUME_CAPACITY",
      "displayName": "Volume Capacity",
      "description": "Volume space available for data, e.g. 512Mi, 2Gi.",
      "value": "20Gi",
      "required": true
    },
    {
      "name": "VOLUME_CAPACITY_MVN",
      "displayName": "Volume Capacity",
      "description": "Volume space available for data, e.g. 512Mi, 2Gi.",
      "value": "10Gi",
      "required": true
    },
    {
      "name": "NAMESPACE",
      "displayName": "Jenkins ImageStream Namespace",
      "description": "The OpenShift Namespace where the Jenkins ImageStream resides.",
      "value": "openshift"
    },
    {
      "name": "JENKINS_IMAGE_STREAM_TAG",
      "displayName": "Jenkins ImageStreamTag",
      "description": "Name of the ImageStreamTag to be used for the Jenkins image.",
      "value": "jenkins:2"
    },
    {
      "name": "GITLAB_SECRET",
      "displayName": "Gitlab secret Name",
      "description": "Name of the gitlab secret used in Jenkins image to pull config from gitlab repo.",
      "value": "sa011gu-gitlab"
    },
    {
      "name": "GITLAB_URL",
      "displayName": "Gitlab repo URL",
      "description": "Name of the gitlab repo, which contains all the jobs.",
      "value": "git@gitlab.pitneycloud.com:OCP/JaaS.git"
    },
    {
      "name": "GITLAB_REPO_BRANCH",
      "displayName": "Gitlab repo branch",
      "description": "Name of the gitlab branch from gitlab repo to be used.",
      "value": "master"
    },
    {
      "name": "GITLAB_CONTEXT_DIR",
      "displayName": "Gitlab context directory",
      "description": "Name of the gitlab context directory from gitlab repo where the jenkins-config exists.",
      "value": "jenkins-master-config"
    }
  ],
  "objects": [
    {
      "kind": "Route",
      "apiVersion": "v1",
      "metadata": {
        "name": "${JENKINS_SERVICE_NAME}",
        "annotations": {
          "template.openshift.io/expose-uri": "http://{.spec.host}{.spec.path}"
        }
      },
      "spec": {
        "to": {
          "kind": "Service",
          "name": "${JENKINS_SERVICE_NAME}"
        },
        "tls": {
          "termination": "edge",
          "insecureEdgeTerminationPolicy": "Redirect"
        }
      }
    },
    {
      "kind": "PersistentVolumeClaim",
      "apiVersion": "v1",
      "metadata": {
        "name": "${JENKINS_SERVICE_NAME}-pvc"
      },
      "spec": {
        "accessModes": [
          "ReadWriteOnce"
        ],
        "resources": {
          "requests": {
            "storage": "${VOLUME_CAPACITY}"
          }
        }
      }
    },
      {
      "kind": "PersistentVolumeClaim",
      "apiVersion": "v1",
      "metadata": {
        "name": "${JENKINS_SERVICE_NAME}-maven-pvc"
      },
      "spec": {
        "accessModes": [
          "ReadWriteOnce"
        ],
        "resources": {
          "requests": {
            "storage": "${VOLUME_CAPACITY_MVN}"
          }
        }
      }
    },
    {
      "kind": "ImageStream",
      "apiVersion": "v1",
      "metadata": {
        "name": "${JENKINS_SERVICE_NAME}",
        "labels": {
           "app": "${JENKINS_SERVICE_NAME}"
        }
      }
   },
  {
   "kind": "BuildConfig",
   "apiVersion": "v1",
   "metadata": {
      "name": "${JENKINS_SERVICE_NAME}",
      "labels": {
         "app": "jenkins-persistent-mvn"
      }
   },
   "spec": {
      "source": {
         "type": "Git",
         "git": {
            "uri": "${GITLAB_URL}",
            "ref": "${GITLAB_REPO_BRANCH}"
         },
         "sourceSecret": {
                "name": "${GITLAB_SECRET}"
          },
         "contextDir": "${GITLAB_CONTEXT_DIR}"
      },
      "strategy": {
         "type": "Source",
         "sourceStrategy": {
            "from": {
               "kind": "ImageStreamTag",
               "namespace": "openshift",
               "name": "${JENKINS_IMAGE_STREAM_TAG}"
            }
         }
      },
      "output": {
         "to": {
            "kind": "ImageStreamTag",
            "name": "${JENKINS_SERVICE_NAME}:latest"
         }
      },
      "triggers": [
      ]
     }
    },
    {
      "kind": "DeploymentConfig",
      "apiVersion": "v1",
      "metadata": {
        "name": "${JENKINS_SERVICE_NAME}",
        "annotations": {
          "template.alpha.openshift.io/wait-for-ready": "true"
        }
      },
      "spec": {
        "strategy": {
          "type": "Recreate"
        },
        "triggers": [
          {
            "type": "ImageChange",
            "imageChangeParams": {
              "automatic": true,
              "containerNames": [
                "jenkins"
              ],
              "from": {
                "kind": "ImageStreamTag",
                "name": "${JENKINS_SERVICE_NAME}:latest"
              },
              "lastTriggeredImage": ""
            }
          },
          {
            "type": "ConfigChange"
          }
        ],
        "replicas": 1,
        "selector": {
          "name": "${JENKINS_SERVICE_NAME}"
        },
        "template": {
          "metadata": {
            "labels": {
              "name": "${JENKINS_SERVICE_NAME}"
            }
          },
          "spec": {
            "serviceAccountName": "${JENKINS_SERVICE_NAME}",
            "containers": [
              {
                "name": "jenkins",
                "image": " ",
                "readinessProbe": {
                  "timeoutSeconds": 3,
                  "initialDelaySeconds": 3,
                  "httpGet": {
                    "path": "/login",
                    "port": 8080
                  }
                },
                "livenessProbe": {
                    "timeoutSeconds": 3,
                    "initialDelaySeconds": 420,
                    "failureThreshold" : 30,
                    "httpGet": {
                        "path": "/login",
                        "port": 8080
                    }
                },
                "env": [
                  {
                    "name": "OPENSHIFT_ENABLE_OAUTH",
                    "value": "${ENABLE_OAUTH}"
                  },
                  {
                    "name": "OPENSHIFT_ENABLE_REDIRECT_PROMPT",
                    "value": "true"
                  },
                  {
                    "name": "KUBERNETES_MASTER",
                    "value": "https://kubernetes.default:443"
                  },
                  {
                    "name": "KUBERNETES_TRUST_CERTIFICATES",
                    "value": "true"
                  },
                  {
                    "name": "JENKINS_SERVICE_NAME",
                    "value": "${JENKINS_SERVICE_NAME}"
                  },
                  {
                    "name": "JNLP_SERVICE_NAME",
                    "value": "${JNLP_SERVICE_NAME}"
                  }
                ],
                "resources": {
                  "limits": {
                    "memory": "${MEMORY_LIMIT}"
					},
				  "requests": {
					"memory": "${REQUESTED_MEMORY_LIMIT}"
                  }
                },
                "volumeMounts": [
                  {
                    "name": "${JENKINS_SERVICE_NAME}-data",
                    "mountPath": "/var/lib/jenkins"
                  }

                ],
                "terminationMessagePath": "/dev/termination-log",
                "imagePullPolicy": "IfNotPresent",
                "capabilities": {},
                "securityContext": {
                  "capabilities": {},
                  "privileged": false
                }
              }
            ],
            "volumes": [
              {
                "name": "${JENKINS_SERVICE_NAME}-data",
                "persistentVolumeClaim": {
                  "claimName": "${JENKINS_SERVICE_NAME}-pvc"
                }
              }
            ],
            "restartPolicy": "Always",
            "dnsPolicy": "ClusterFirst"
          }
        }
      }
    },
    {
      "kind": "ServiceAccount",
        "apiVersion": "v1",
        "metadata": {
            "name": "${JENKINS_SERVICE_NAME}",
            "annotations": {
    "serviceaccounts.openshift.io/oauth-redirectreference.jenkins": "{\"kind\":\"OAuthRedirectReference\",\"apiVersion\":\"v1\",\"reference\":{\"kind\":\"Route\",\"name\":\"${JENKINS_SERVICE_NAME}\"}}"
            }
        }
    },
    {
      "kind": "RoleBinding",
      "apiVersion": "v1",
      "metadata": {
          "name": "${JENKINS_SERVICE_NAME}_edit"
      },
      "groupNames": null,
      "subjects": [
          {
              "kind": "ServiceAccount",
              "name": "${JENKINS_SERVICE_NAME}"
          }
      ],
      "roleRef": {
          "name": "edit"
      }
    },
    {
      "kind": "Service",
      "apiVersion": "v1",
      "metadata": {
        "name": "${JNLP_SERVICE_NAME}"
      },
      "spec": {
        "ports": [
          {
            "name": "agent",
            "protocol": "TCP",
            "port": 50000,
            "targetPort": 50000,
            "nodePort": 0
          }
        ],
        "selector": {
          "name": "${JENKINS_SERVICE_NAME}"
        },
        "type": "NodePort",
        "sessionAffinity": "None"
      }
    },
    {
       "kind": "Service",
       "apiVersion": "v1",
       "metadata": {
         "name": "${JENKINS_SERVICE_NAME}",
         "annotations": {
           "service.alpha.openshift.io/dependencies": "[{\"name\": \"${JNLP_SERVICE_NAME}\", \"namespace\": \"\", \"kind\": \"Service\"}]",
           "service.openshift.io/infrastructure": "true"
         }
       },
       "spec": {
         "ports": [
           {
             "name": "web",
             "protocol": "TCP",
             "port": 80,
             "targetPort": 8080,
             "nodePort": 0
           }
         ],
         "selector": {
           "name": "${JENKINS_SERVICE_NAME}"
         },
         "type": "ClusterIP",
         "sessionAffinity": "None"
       }
    }
  ]
}
