<?xml version='1.1' encoding='UTF-8'?>
<hudson.plugins.disk__usage.ProjectDiskUsage plugin="disk-usage@0.28">
  <diskUsageWithoutBuilds>0</diskUsageWithoutBuilds>
  <slaveWorkspacesUsage class="concurrent-hash-map">
    <entry>
      <string>ErmCentOS7</string>
      <concurrent-hash-map>
        <entry>
          <string>/home/advisor/JenkinsRepo/workspace/ERM/UpgradeAutomation/SpectrumUpgrade_11.1_18.2_CentOS7</string>
          <long>6340569</long>
        </entry>
      </concurrent-hash-map>
    </entry>
  </slaveWorkspacesUsage>
  <buildDiskUsage class="java.util.concurrent.CopyOnWriteArraySet">
    <hudson.plugins.disk__usage.DiskUsageBuildInformation>
      <id>1</id>
      <timestamp>1542099698045</timestamp>
      <number>1</number>
      <size>18098</size>
    </hudson.plugins.disk__usage.DiskUsageBuildInformation>
    <hudson.plugins.disk__usage.DiskUsageBuildInformation>
      <id>3</id>
      <timestamp>1542102153947</timestamp>
      <number>3</number>
      <size>188168</size>
    </hudson.plugins.disk__usage.DiskUsageBuildInformation>
    <hudson.plugins.disk__usage.DiskUsageBuildInformation>
      <id>2</id>
      <timestamp>1542100059821</timestamp>
      <number>2</number>
      <size>0</size>
    </hudson.plugins.disk__usage.DiskUsageBuildInformation>
    <hudson.plugins.disk__usage.DiskUsageBuildInformation>
      <id>4</id>
      <timestamp>1542106532378</timestamp>
      <number>4</number>
      <size>187459</size>
    </hudson.plugins.disk__usage.DiskUsageBuildInformation>
    <hudson.plugins.disk__usage.DiskUsageBuildInformation>
      <id>5</id>
      <timestamp>1542187562579</timestamp>
      <number>5</number>
      <size>187389</size>
    </hudson.plugins.disk__usage.DiskUsageBuildInformation>
  </buildDiskUsage>
  <allBuildsLoaded>false</allBuildsLoaded>
</hudson.plugins.disk__usage.ProjectDiskUsage>