<?xml version='1.1' encoding='UTF-8'?>
<hudson.plugins.disk__usage.ProjectDiskUsage plugin="disk-usage@0.28">
  <diskUsageWithoutBuilds>0</diskUsageWithoutBuilds>
  <slaveWorkspacesUsage class="concurrent-hash-map">
    <entry>
      <string>ErmOrcLinx64</string>
      <concurrent-hash-map>
        <entry>
          <string>/home/Advisor/JenkinsRepo/workspace/ERM/UpgradeAutomation/SpectrumUpgrade_12.2.1_2018.2.0_OrcLinux</string>
          <long>7163495</long>
        </entry>
      </concurrent-hash-map>
    </entry>
    <entry>
      <string>ermSUSE12Ent</string>
      <concurrent-hash-map>
        <entry>
          <string>/media/ExtraDrive/JenkinsRepo/workspace/ERM/UpgradeAutomation/SpectrumUpgrade_12.2.1_2018.2.0_OrcLinux</string>
          <long>6014741</long>
        </entry>
      </concurrent-hash-map>
    </entry>
  </slaveWorkspacesUsage>
  <buildDiskUsage class="java.util.concurrent.CopyOnWriteArraySet">
    <hudson.plugins.disk__usage.DiskUsageBuildInformation>
      <id>2</id>
      <timestamp>1542276152549</timestamp>
      <number>2</number>
      <size>602146</size>
    </hudson.plugins.disk__usage.DiskUsageBuildInformation>
    <hudson.plugins.disk__usage.DiskUsageBuildInformation>
      <id>3</id>
      <timestamp>1542278927278</timestamp>
      <number>3</number>
      <size>1216690</size>
    </hudson.plugins.disk__usage.DiskUsageBuildInformation>
    <hudson.plugins.disk__usage.DiskUsageBuildInformation>
      <id>4</id>
      <timestamp>1542286107269</timestamp>
      <number>4</number>
      <size>1196426</size>
    </hudson.plugins.disk__usage.DiskUsageBuildInformation>
  </buildDiskUsage>
  <allBuildsLoaded>false</allBuildsLoaded>
</hudson.plugins.disk__usage.ProjectDiskUsage>