{
  "kind": "Template",
  "apiVersion": "v1",
  "metadata": {
    "name": "additional_PVC",
    "annotations": {
      "openshift.io/display-name": "Jenkins",
      "description": "Jenkins service, with persistent storage.\n\nNOTE: You must have persistent volumes available in your cluster to use this template.",
      "iconClass": "icon-jenkins",
      "tags": "instant-app,jenkins",
      "openshift.io/long-description": "This template deploys a Jenkins server capable of managing OpenShift Pipeline builds and supporting OpenShift-based oauth login.",
      "openshift.io/provider-display-name": "Red Hat, Inc.",
      "openshift.io/documentation-url": "https://docs.openshift.org/latest/using_images/other_images/jenkins.html",
      "openshift.io/support-url": "https://access.redhat.com"
    }
  },
  "message": "A Jenkins service has been created in your project.  Log into Jenkins with your OpenShift account.  The tutorial at https://github.com/openshift/origin/blob/master/examples/jenkins/README.md contains more information about using this template.",
  "labels": {
    "app": "jenkins-persistent-pvc",
    "template": "additional-PVC-template"
  },
  "parameters": [
    {
      "name": "VOLUME_CAPACITY_MVN",
      "displayName": "Volume Capacity",
      "description": "Volume space available for data, e.g. 512Mi, 2Gi.",
      "value": "10Gi",
      "required": true
    },
    {
      "name": "JENKINS_SERVICE_NAME",
      "displayName": "Jenkins Service Name",
      "description": "The name of the OpenShift Service exposed for the Jenkins container.",
      "value": "jenkins"
    }
  ],
  "objects": [
      {
      "kind": "PersistentVolumeClaim",
      "apiVersion": "v1",
      "metadata": {
        "name": "${JENKINS_SERVICE_NAME}-maven-pvc"
      },
      "spec": {
        "accessModes": [
          "ReadWriteOnce"
        ],
        "resources": {
          "requests": {
            "storage": "${VOLUME_CAPACITY_MVN}"
          }
        }
      }
    }
  ]
}
