<?xml version="1.0" encoding="UTF-8"?><log><logentry revision="2393"><author>ga008ja</author><date>2018-11-05T05:49:02.509000Z</date><paths><path action="A" copyfrom-path="/trunk" copyfrom-rev="2392" kind="dir">/branches/ERM_2.7</path></paths><msg/></logentry><logentry revision="2396"><author>ma012ku</author><date>2018-11-13T06:43:40.224000Z</date><paths><path action="A" localPath="./checkout/Upgrade_Automation/18.2/Windows_installer_18.2.properties" copyfrom-path="/branches/ERM_2.7/qa/Jenkins_Automation/Upgrade_Automation/2018.02/Windows_installer_snapshot.properties" copyfrom-rev="2395" kind="file">/branches/ERM_2.7/qa/Jenkins_Automation/Upgrade_Automation/18.2/Windows_installer_18.2.properties</path><path action="A" localPath="./checkout/Upgrade_Automation/18.2/Linux_installer_18.2_ErmUbuntu12x64.properties" copyfrom-path="/branches/ERM_2.7/qa/Jenkins_Automation/Upgrade_Automation/2018.02/Linux_installer_Snapshot_ErmUbuntu12x64.properties" copyfrom-rev="2395" kind="file">/branches/ERM_2.7/qa/Jenkins_Automation/Upgrade_Automation/18.2/Linux_installer_18.2_ErmUbuntu12x64.properties</path><path action="D" localPath="./checkout/Upgrade_Automation/18.2/Linux_installer_Snapshot_ErmCentOS6Node1.properties" kind="file">/branches/ERM_2.7/qa/Jenkins_Automation/Upgrade_Automation/18.2/Linux_installer_Snapshot_ErmCentOS6Node1.properties</path><path action="A" localPath="./checkout/Upgrade_Automation/18.2/Linux_installer_18.2_ErmRHEL7x64.properties" copyfrom-path="/branches/ERM_2.7/qa/Jenkins_Automation/Upgrade_Automation/2018.02/Linux_installer_Snapshot_ErmRHEL7x64.properties" copyfrom-rev="2395" kind="file">/branches/ERM_2.7/qa/Jenkins_Automation/Upgrade_Automation/18.2/Linux_installer_18.2_ErmRHEL7x64.properties</path><path action="D" localPath="./checkout/Upgrade_Automation/18.2/Linux_installer_Snapshot_ErmOrcLinx64.properties" kind="file">/branches/ERM_2.7/qa/Jenkins_Automation/Upgrade_Automation/18.2/Linux_installer_Snapshot_ErmOrcLinx64.properties</path><path action="A" localPath="./checkout/Upgrade_Automation/18.2/Linux_installer_18.2_ErmCentOS7.properties" copyfrom-path="/branches/ERM_2.7/qa/Jenkins_Automation/Upgrade_Automation/2018.02/Linux_installer_Snapshot_ErmCentOS6Node1.properties" copyfrom-rev="2395" kind="file">/branches/ERM_2.7/qa/Jenkins_Automation/Upgrade_Automation/18.2/Linux_installer_18.2_ErmCentOS7.properties</path><path action="D" localPath="./checkout/Upgrade_Automation/18.2/Windows_installer_snapshot.properties" kind="file">/branches/ERM_2.7/qa/Jenkins_Automation/Upgrade_Automation/18.2/Windows_installer_snapshot.properties</path><path action="D" localPath="./checkout/Upgrade_Automation/18.2/Linux_installer_Snapshot_ERMSUSE11x64.properties" kind="file">/branches/ERM_2.7/qa/Jenkins_Automation/Upgrade_Automation/18.2/Linux_installer_Snapshot_ERMSUSE11x64.properties</path><path action="D" localPath="./checkout/Upgrade_Automation/2018.02" kind="dir">/branches/ERM_2.7/qa/Jenkins_Automation/Upgrade_Automation/2018.02</path><path action="A" localPath="./checkout/Upgrade_Automation/18.2/Linux_installer_18.2_ErmOrcLinx64.properties" copyfrom-path="/branches/ERM_2.7/qa/Jenkins_Automation/Upgrade_Automation/2018.02/Linux_installer_Snapshot_ErmOrcLinx64.properties" copyfrom-rev="2395" kind="file">/branches/ERM_2.7/qa/Jenkins_Automation/Upgrade_Automation/18.2/Linux_installer_18.2_ErmOrcLinx64.properties</path><path action="D" localPath="./checkout/Upgrade_Automation/18.2/Linux_installer_Snapshot_ErmRHEL7x64.properties" kind="file">/branches/ERM_2.7/qa/Jenkins_Automation/Upgrade_Automation/18.2/Linux_installer_Snapshot_ErmRHEL7x64.properties</path><path action="D" localPath="./checkout/Upgrade_Automation/18.2/Linux_installer_Snapshot_ErmUbuntu12x64.properties" kind="file">/branches/ERM_2.7/qa/Jenkins_Automation/Upgrade_Automation/18.2/Linux_installer_Snapshot_ErmUbuntu12x64.properties</path><path action="A" localPath="./checkout/Upgrade_Automation/18.2" copyfrom-path="/branches/ERM_2.7/qa/Jenkins_Automation/Upgrade_Automation/2018.02" copyfrom-rev="2395" kind="dir">/branches/ERM_2.7/qa/Jenkins_Automation/Upgrade_Automation/18.2</path><path action="A" localPath="./checkout/Upgrade_Automation/18.2/Linux_installer_18.2_ERMSUSE11x64.properties" copyfrom-path="/branches/ERM_2.7/qa/Jenkins_Automation/Upgrade_Automation/2018.02/Linux_installer_Snapshot_ERMSUSE11x64.properties" copyfrom-rev="2395" kind="file">/branches/ERM_2.7/qa/Jenkins_Automation/Upgrade_Automation/18.2/Linux_installer_18.2_ERMSUSE11x64.properties</path></paths><msg>updated Jenkins automation file to releasing version</msg></logentry></log>