<?xml version="1.0" encoding="UTF-8"?><log><logentry revision="2390"><author>nex9rkg</author><date>2018-11-02T12:05:56.466000Z</date><paths><path action="M" localPath="./checkout/Upgrade_Automation/Snapshot/Linux_installer_Snapshot_ErmOrcLinx64.properties" kind="file">/trunk/qa/Jenkins_Automation/Upgrade_Automation/Snapshot/Linux_installer_Snapshot_ErmOrcLinx64.properties</path><path action="A" localPath="./checkout/Upgrade_Automation/10SP1/Linux_installer_10SP1_ErmOrcLinx64.properties" kind="file">/trunk/qa/Jenkins_Automation/Upgrade_Automation/10SP1/Linux_installer_10SP1_ErmOrcLinx64.properties</path></paths><msg>Added installer file for 10 SP1 property file</msg></logentry></log>