<?xml version="1.0" encoding="UTF-8"?><log><logentry revision="2401"><author>ga008ja</author><date>2018-11-16T10:51:51.305000Z</date><paths><path action="M" localPath="./checkout/Upgrade_Automation/10SP1/Linux_installer_10SP1_ERMSUSE11x64.properties" kind="file">/branches/ERM_2.7/qa/Jenkins_Automation/Upgrade_Automation/10SP1/Linux_installer_10SP1_ERMSUSE11x64.properties</path><path action="M" localPath="./checkout/Upgrade_Automation/18.2/Linux_installer_18.2_ERMSUSE11x64.properties" kind="file">/branches/ERM_2.7/qa/Jenkins_Automation/Upgrade_Automation/18.2/Linux_installer_18.2_ERMSUSE11x64.properties</path></paths><msg>Updating property files for suse.</msg></logentry></log>