<?xml version='1.1' encoding='UTF-8'?>
<hudson.plugins.disk__usage.ProjectDiskUsage plugin="disk-usage@0.28">
  <diskUsageWithoutBuilds>0</diskUsageWithoutBuilds>
  <slaveWorkspacesUsage class="concurrent-hash-map">
    <entry>
      <string>ErmWin2016x64</string>
      <concurrent-hash-map>
        <entry>
          <string>E:\JenkinsRepo\workspace\ERM\UpgradeAutomation\SpectrumUpgrade_2018.2._2019.1_Win2016</string>
          <long>6360607</long>
        </entry>
      </concurrent-hash-map>
    </entry>
  </slaveWorkspacesUsage>
  <buildDiskUsage class="java.util.concurrent.CopyOnWriteArraySet">
    <hudson.plugins.disk__usage.DiskUsageBuildInformation>
      <id>1</id>
      <timestamp>1570185716301</timestamp>
      <number>1</number>
      <size>21726</size>
    </hudson.plugins.disk__usage.DiskUsageBuildInformation>
    <hudson.plugins.disk__usage.DiskUsageBuildInformation>
      <id>2</id>
      <timestamp>1570186016005</timestamp>
      <number>2</number>
      <size>21856</size>
    </hudson.plugins.disk__usage.DiskUsageBuildInformation>
    <hudson.plugins.disk__usage.DiskUsageBuildInformation>
      <id>3</id>
      <timestamp>1570186265577</timestamp>
      <number>3</number>
      <size>21857</size>
    </hudson.plugins.disk__usage.DiskUsageBuildInformation>
    <hudson.plugins.disk__usage.DiskUsageBuildInformation>
      <id>4</id>
      <timestamp>1570186323506</timestamp>
      <number>4</number>
      <size>21858</size>
    </hudson.plugins.disk__usage.DiskUsageBuildInformation>
    <hudson.plugins.disk__usage.DiskUsageBuildInformation>
      <id>5</id>
      <timestamp>1570186457346</timestamp>
      <number>5</number>
      <size>21857</size>
    </hudson.plugins.disk__usage.DiskUsageBuildInformation>
    <hudson.plugins.disk__usage.DiskUsageBuildInformation>
      <id>6</id>
      <timestamp>1570186550179</timestamp>
      <number>6</number>
      <size>21857</size>
    </hudson.plugins.disk__usage.DiskUsageBuildInformation>
    <hudson.plugins.disk__usage.DiskUsageBuildInformation>
      <id>7</id>
      <timestamp>1570604362216</timestamp>
      <number>7</number>
      <size>22140</size>
    </hudson.plugins.disk__usage.DiskUsageBuildInformation>
  </buildDiskUsage>
  <allBuildsLoaded>false</allBuildsLoaded>
</hudson.plugins.disk__usage.ProjectDiskUsage>