<?xml version="1.0" encoding="UTF-8"?><log><logentry revision="2397"><author>nex9rkg</author><date>2018-11-13T09:00:28.739000Z</date><paths><path action="A" localPath="./checkout/Upgrade_Automation/11SP1/Linux_installer_11SP1_ErmCentOS7.properties" kind="file">/branches/ERM_2.7/qa/Jenkins_Automation/Upgrade_Automation/11SP1/Linux_installer_11SP1_ErmCentOS7.properties</path></paths><msg>Adding new property file for centos 7 machine</msg></logentry><logentry revision="2399"><author>nex9rkg</author><date>2018-11-13T09:41:09.705000Z</date><paths><path action="M" localPath="./checkout/Upgrade_Automation/18.2/Linux_installer_18.2_ErmCentOS7.properties" kind="file">/branches/ERM_2.7/qa/Jenkins_Automation/Upgrade_Automation/18.2/Linux_installer_18.2_ErmCentOS7.properties</path><path action="M" localPath="./checkout/Upgrade_Automation/11SP1/Linux_installer_11SP1_ErmCentOS7.properties" kind="file">/branches/ERM_2.7/qa/Jenkins_Automation/Upgrade_Automation/11SP1/Linux_installer_11SP1_ErmCentOS7.properties</path></paths><msg>renaming advisor name in properties files of centos 7 for 11sp1 and 18.2</msg></logentry></log>